kernel,ritardo,quanti,righe,colonne,backpressure,cicli,ritentativi,attese,somma
prodcons,0,5,1,2,si,45,1,2,15
prodcons,1,5,1,2,si,52,2,0,15
prodcons,4,5,1,2,si,82,7,0,15
prodcons,8,5,1,2,si,122,13,0,15
prodcons,25,5,1,2,si,292,41,0,15
prodcons,60,5,1,2,si,642,97,0,15
chain,0,5,1,2,si,46,1,2,15
chain,0,5,1,3,si,54,1,4,15
chain,0,5,1,5,si,70,1,14,15
chain,0,5,1,12,si,126,1,112,15
chain,1,5,1,2,si,53,2,0,15
chain,1,5,1,3,si,57,1,1,15
chain,1,5,1,5,si,73,1,11,15
chain,1,5,1,12,si,129,1,109,15
chain,4,5,1,2,si,83,7,0,15
chain,4,5,1,3,si,83,7,0,15
chain,4,5,1,5,si,99,7,10,15
chain,4,5,1,12,si,155,7,108,15
chain,8,5,1,2,si,123,13,0,15
chain,8,5,1,3,si,123,17,0,15
chain,8,5,1,5,si,131,13,8,15
chain,8,5,1,12,si,187,13,106,15
chain,25,5,1,2,si,293,41,0,15
chain,25,5,1,3,si,293,57,0,15
chain,25,5,1,5,si,293,51,6,15
chain,25,5,1,12,si,321,40,97,15
chain,60,5,1,2,si,643,97,0,15
chain,60,5,1,3,si,643,141,0,15
chain,60,5,1,5,si,643,135,6,15
chain,60,5,1,12,si,643,113,90,15
prodcons,0,5,1,2,no,37,0,0,15
prodcons,1,5,1,2,no,52,0,0,18
prodcons,4,5,1,2,no,82,0,0,22
prodcons,8,5,1,2,no,122,0,0,24
prodcons,25,5,1,2,no,292,0,0,25
prodcons,60,5,1,2,no,642,0,0,25
