kernel,righe,colonne,cicli,ritentativi,attese,bordo,iter,seme,usciti,k_finale,delta
jacobi,1,1,4227,0,0,64,128,0,512,1,0
jacobi,1,6,4227,0,0,64,128,0,1792,6,0
jacobi,6,1,4227,0,0,64,128,0,1792,6,0
jacobi,3,4,4227,0,0,64,128,0,1792,16,0
jacobi,4,4,4227,0,0,64,128,0,2048,18,0
jacobi,8,8,4227,0,0,64,128,0,4096,49,0
jacobi,12,12,4227,0,0,64,128,0,6144,82,0
jacobi,1,1,4227,0,0,64,128,1,512,1,0
jacobi,1,6,4227,0,0,64,128,1,1792,6,0
jacobi,6,1,4227,0,0,64,128,1,1792,6,0
jacobi,3,4,4227,0,0,64,128,1,1792,15,0
jacobi,4,4,4227,0,0,64,128,1,2048,18,0
jacobi,8,8,4227,0,0,64,128,1,4096,47,0
jacobi,12,12,4227,0,0,64,128,1,6144,75,0
