kernel,k,righe,colonne,cicli,ritentativi,attese,spinte_rifiutate
matmul,1,1,1,19,0,0,0
matmul,1,1,6,69,0,75,0
matmul,1,6,1,69,0,75,0
matmul,1,3,4,69,0,150,0
matmul,1,4,4,79,0,240,0
matmul,1,8,8,159,0,2240,0
matmul,1,12,12,239,0,7920,0
matmul,4,1,1,67,0,0,71
matmul,4,1,6,117,0,75,406
matmul,4,6,1,117,0,75,391
matmul,4,3,4,117,0,150,340
matmul,4,4,4,127,0,240,404
matmul,4,8,8,207,0,2240,1128
matmul,4,12,12,287,0,7920,2172
matmul,7,1,1,115,0,0,161
matmul,7,1,6,165,0,75,721
matmul,7,6,1,165,0,75,706
matmul,7,3,4,165,0,150,655
matmul,7,4,4,175,0,240,764
matmul,7,8,8,255,0,2240,1848
matmul,7,12,12,335,0,7920,3252
