kernel,righe,colonne,thread,cicli,t_tot,t_step,seriale
chain,1,2,1,46,0.000053,0.000051,0.0316
chain,1,3,1,54,0.000058,0.000056,0.0343
chain,1,5,1,70,0.000070,0.000053,0.2371
chain,1,12,1,126,0.000095,0.000091,0.0466
chain,1,2,1,53,0.000056,0.000054,0.0342
chain,1,3,1,57,0.000069,0.000067,0.0307
chain,1,5,1,73,0.000080,0.000077,0.0346
chain,1,12,1,129,0.000097,0.000093,0.0461
chain,1,2,1,83,0.000081,0.000078,0.0362
chain,1,3,1,83,0.000083,0.000080,0.0364
chain,1,5,1,99,0.000064,0.000062,0.0435
chain,1,12,1,155,0.000172,0.000166,0.0394
chain,1,2,1,123,0.000071,0.000067,0.0453
chain,1,3,1,123,0.000075,0.000072,0.0437
chain,1,5,1,131,0.000134,0.000129,0.0378
chain,1,12,1,187,0.000208,0.000200,0.0387
chain,1,2,1,293,0.000272,0.000261,0.0383
chain,1,3,1,293,0.000272,0.000261,0.0391
chain,1,5,1,293,0.000283,0.000272,0.0392
chain,1,12,1,321,0.000204,0.000194,0.0505
chain,1,2,1,643,0.000575,0.000552,0.0396
chain,1,3,1,643,0.000343,0.000327,0.0478
chain,1,5,1,643,0.000350,0.000333,0.0495
chain,1,12,1,643,0.000386,0.000365,0.0528
broadcast,1,1,1,10,0.000016,0.000016,0.0212
broadcast,1,6,1,40,0.000028,0.000027,0.0382
broadcast,6,1,1,68,0.000071,0.000068,0.0342
broadcast,3,4,1,50,0.000059,0.000057,0.0313
broadcast,4,4,1,62,0.000080,0.000077,0.0303
broadcast,8,8,1,134,0.000262,0.000254,0.0339
broadcast,12,12,1,206,0.000761,0.000732,0.0383
bordo,1,1,1,9,0.000015,0.000014,0.0232
bordo,1,6,1,9,0.000011,0.000011,0.0468
bordo,6,1,1,39,0.000042,0.000041,0.0339
bordo,3,4,1,21,0.000029,0.000028,0.0393
bordo,4,4,1,27,0.000044,0.000042,0.0327
bordo,8,8,1,51,0.000074,0.000070,0.0541
bordo,12,12,1,75,0.000191,0.000182,0.0502
reduce,1,1,1,9,0.000015,0.000014,0.0220
reduce,1,6,1,49,0.000052,0.000050,0.0338
reduce,6,1,1,39,0.000041,0.000040,0.0330
reduce,3,4,1,45,0.000051,0.000049,0.0330
reduce,4,4,1,51,0.000058,0.000056,0.0340
reduce,8,8,1,107,0.000180,0.000173,0.0398
reduce,12,12,1,163,0.000305,0.000291,0.0481
jacobi,1,1,1,4227,0.002066,0.001913,0.0741
jacobi,1,6,1,4227,0.004279,0.003800,0.1119
jacobi,6,1,1,4227,0.003724,0.003255,0.1261
jacobi,3,4,1,4227,0.002984,0.002629,0.1191
jacobi,4,4,1,4227,0.003271,0.002876,0.1210
jacobi,8,8,1,4227,0.006916,0.006131,0.1136
jacobi,12,12,1,4227,0.015832,0.014551,0.0809
jacobi,1,1,1,4227,0.003278,0.003066,0.0645
jacobi,1,6,1,4227,0.002413,0.002065,0.1440
jacobi,6,1,1,4227,0.003446,0.002999,0.1295
jacobi,3,4,1,4227,0.003045,0.002708,0.1108
jacobi,4,4,1,4227,0.004031,0.003596,0.1080
jacobi,8,8,1,4227,0.006274,0.005547,0.1159
jacobi,12,12,1,4227,0.013680,0.012554,0.0823
matmul,1,1,1,19,0.000021,0.000020,0.0382
matmul,1,6,1,69,0.000065,0.000059,0.0898
matmul,6,1,1,69,0.000066,0.000061,0.0732
matmul,3,4,1,69,0.000075,0.000070,0.0707
matmul,4,4,1,79,0.000089,0.000082,0.0755
matmul,8,8,1,159,0.000291,0.000264,0.0943
matmul,12,12,1,239,0.000744,0.000676,0.0919
matmul,1,1,1,67,0.000056,0.000053,0.0541
matmul,1,6,1,117,0.000110,0.000098,0.1055
matmul,6,1,1,117,0.000109,0.000099,0.1000
matmul,3,4,1,117,0.000125,0.000113,0.0955
matmul,4,4,1,127,0.000174,0.000160,0.0803
matmul,8,8,1,207,0.000403,0.000362,0.1016
matmul,12,12,1,287,0.001003,0.000908,0.0944
matmul,1,1,1,115,0.000089,0.000084,0.0566
matmul,1,6,1,165,0.000155,0.000139,0.1007
matmul,6,1,1,165,0.000146,0.000130,0.1075
matmul,3,4,1,165,0.000111,0.000100,0.1062
matmul,4,4,1,175,0.000222,0.000202,0.0928
matmul,8,8,1,255,0.000351,0.000313,0.1086
matmul,12,12,1,335,0.001231,0.000996,0.1905
chain,1,2,2,46,0.000573,0.000570,0.0064
chain,1,3,2,54,0.000782,0.000778,0.0048
chain,1,5,2,70,0.000807,0.000801,0.0068
chain,1,12,2,126,0.001589,0.001572,0.0103
chain,1,2,2,53,0.000595,0.000590,0.0078
chain,1,3,2,57,0.000667,0.000662,0.0065
chain,1,5,2,73,0.000913,0.000907,0.0071
chain,1,12,2,129,0.001293,0.001275,0.0139
chain,1,2,2,83,0.000969,0.000962,0.0068
chain,1,3,2,83,0.000955,0.000951,0.0050
chain,1,5,2,99,0.001135,0.001127,0.0071
chain,1,12,2,155,0.001818,0.001799,0.0104
chain,1,2,2,123,0.001483,0.001474,0.0067
chain,1,3,2,123,0.001391,0.001382,0.0068
chain,1,5,2,131,0.001592,0.001581,0.0070
chain,1,12,2,187,0.002133,0.002103,0.0142
chain,1,2,2,293,0.003070,0.003048,0.0072
chain,1,3,2,293,0.003182,0.003164,0.0057
chain,1,5,2,293,0.003399,0.003377,0.0063
chain,1,12,2,321,0.002595,0.002558,0.0143
chain,1,2,2,643,0.005421,0.005361,0.0111
chain,1,3,2,643,0.005200,0.005157,0.0083
chain,1,5,2,643,0.006967,0.006916,0.0073
chain,1,12,2,643,0.006292,0.006222,0.0112
broadcast,1,1,2,10,0.000193,0.000193,0.0015
broadcast,1,6,2,40,0.000504,0.000501,0.0064
broadcast,6,1,2,68,0.000780,0.000775,0.0068
broadcast,3,4,2,50,0.000687,0.000682,0.0066
broadcast,4,4,2,62,0.000700,0.000693,0.0099
broadcast,8,8,2,134,0.001815,0.001790,0.0138
broadcast,12,12,2,206,0.003433,0.003359,0.0216
bordo,1,1,2,9,0.000141,0.000141,0.0026
bordo,1,6,2,9,0.000198,0.000197,0.0050
bordo,6,1,2,39,0.000523,0.000520,0.0056
bordo,3,4,2,21,0.000322,0.000319,0.0079
bordo,4,4,2,27,0.000386,0.000382,0.0100
bordo,8,8,2,51,0.000713,0.000701,0.0173
bordo,12,12,2,75,0.001146,0.001109,0.0323
reduce,1,1,2,9,0.000156,0.000156,0.0022
reduce,1,6,2,49,0.000594,0.000590,0.0066
reduce,6,1,2,39,0.000471,0.000468,0.0064
reduce,3,4,2,45,0.000572,0.000568,0.0069
reduce,4,4,2,51,0.000556,0.000551,0.0089
reduce,8,8,2,107,0.001290,0.001268,0.0177
reduce,12,12,2,163,0.002421,0.002356,0.0268
jacobi,1,1,2,4227,0.028448,0.028155,0.0103
jacobi,1,6,2,4227,0.038012,0.037273,0.0194
jacobi,6,1,2,4227,0.037002,0.036296,0.0191
jacobi,3,4,2,4227,0.047909,0.047196,0.0149
jacobi,4,4,2,4227,0.038517,0.037604,0.0237
jacobi,8,8,2,4227,0.042305,0.040130,0.0514
jacobi,12,12,2,4227,0.048818,0.043630,0.1063
jacobi,1,1,2,4227,0.034873,0.034562,0.0089
jacobi,1,6,2,4227,0.043249,0.042543,0.0163
jacobi,6,1,2,4227,0.041053,0.040307,0.0182
jacobi,3,4,2,4227,0.045370,0.044642,0.0160
jacobi,4,4,2,4227,0.048043,0.046958,0.0226
jacobi,8,8,2,4227,0.044199,0.041785,0.0546
jacobi,12,12,2,4227,0.057647,0.053147,0.0781
matmul,1,1,2,19,0.000319,0.000318,0.0047
matmul,1,6,2,69,0.000727,0.000717,0.0145
matmul,6,1,2,69,0.000860,0.000851,0.0111
matmul,3,4,2,69,0.000863,0.000853,0.0111
matmul,4,4,2,79,0.000926,0.000912,0.0157
matmul,8,8,2,159,0.002253,0.002198,0.0240
matmul,12,12,2,239,0.002905,0.002735,0.0586
matmul,1,1,2,67,0.000795,0.000790,0.0054
matmul,1,6,2,117,0.001399,0.001379,0.0139
matmul,6,1,2,117,0.001321,0.001303,0.0134
matmul,3,4,2,117,0.001308,0.001287,0.0158
matmul,4,4,2,127,0.001488,0.001460,0.0190
matmul,8,8,2,207,0.003148,0.003068,0.0254
matmul,12,12,2,287,0.005283,0.005065,0.0414
matmul,1,1,2,115,0.001294,0.001287,0.0050
matmul,1,6,2,165,0.001814,0.001787,0.0149
matmul,6,1,2,165,0.001858,0.001834,0.0132
matmul,3,4,2,165,0.001464,0.001433,0.0213
matmul,4,4,2,175,0.002247,0.002207,0.0180
matmul,8,8,2,255,0.003740,0.003634,0.0283
matmul,12,12,2,335,0.005772,0.005533,0.0415
chain,1,2,4,46,0.000763,0.000759,0.0055
chain,1,3,4,54,0.000958,0.000953,0.0053
chain,1,5,4,70,0.001129,0.001124,0.0046
chain,1,12,4,126,0.001891,0.001867,0.0127
chain,1,2,4,53,0.000884,0.000879,0.0054
chain,1,3,4,57,0.000864,0.000859,0.0060
chain,1,5,4,73,0.001187,0.001180,0.0065
chain,1,12,4,129,0.001760,0.001745,0.0087
chain,1,2,4,83,0.001238,0.001232,0.0050
chain,1,3,4,83,0.001307,0.001299,0.0062
chain,1,5,4,99,0.001511,0.001502,0.0062
chain,1,12,4,155,0.002295,0.002274,0.0089
chain,1,2,4,123,0.001720,0.001711,0.0050
chain,1,3,4,123,0.001902,0.001890,0.0061
chain,1,5,4,131,0.001780,0.001768,0.0070
chain,1,12,4,187,0.002857,0.002834,0.0077
chain,1,2,4,293,0.003874,0.003858,0.0041
chain,1,3,4,293,0.004098,0.004074,0.0057
chain,1,5,4,293,0.004461,0.004432,0.0064
chain,1,12,4,321,0.004688,0.004644,0.0094
chain,1,2,4,643,0.008899,0.008845,0.0060
chain,1,3,4,643,0.009630,0.009577,0.0056
chain,1,5,4,643,0.008858,0.008796,0.0071
chain,1,12,4,643,0.007569,0.007491,0.0103
broadcast,1,1,4,10,0.000734,0.000733,0.0008
broadcast,1,6,4,40,0.000679,0.000676,0.0046
broadcast,6,1,4,68,0.001541,0.001535,0.0033
broadcast,3,4,4,50,0.000758,0.000753,0.0061
broadcast,4,4,4,62,0.000921,0.000914,0.0072
broadcast,8,8,4,134,0.001893,0.001865,0.0146
broadcast,12,12,4,206,0.003787,0.003678,0.0289
bordo,1,1,4,9,0.000216,0.000215,0.0020
bordo,1,6,4,9,0.000323,0.000322,0.0037
bordo,6,1,4,39,0.000701,0.000698,0.0052
bordo,3,4,4,21,0.000378,0.000375,0.0065
bordo,4,4,4,27,0.000661,0.000656,0.0062
bordo,8,8,4,51,0.000887,0.000874,0.0156
bordo,12,12,4,75,0.001284,0.001227,0.0446
reduce,1,1,4,9,0.000270,0.000269,0.0021
reduce,1,6,4,49,0.000732,0.000727,0.0060
reduce,6,1,4,39,0.000636,0.000632,0.0057
reduce,3,4,4,45,0.000757,0.000752,0.0066
reduce,4,4,4,51,0.000833,0.000827,0.0070
reduce,8,8,4,107,0.001720,0.001696,0.0141
reduce,12,12,4,163,0.002451,0.002378,0.0299
jacobi,1,1,4,4227,0.051861,0.051560,0.0058
jacobi,1,6,4,4227,0.046447,0.045695,0.0162
jacobi,6,1,4,4227,0.055022,0.054322,0.0127
jacobi,3,4,4,4227,0.055318,0.054341,0.0177
jacobi,4,4,4,4227,0.057184,0.056109,0.0188
jacobi,8,8,4,4227,0.062898,0.060772,0.0338
jacobi,12,12,4,4227,0.065606,0.060312,0.0807
jacobi,1,1,4,4227,0.053395,0.053130,0.0050
jacobi,1,6,4,4227,0.054466,0.053725,0.0136
jacobi,6,1,4,4227,0.053467,0.052775,0.0129
jacobi,3,4,4,4227,0.050107,0.049099,0.0201
jacobi,4,4,4,4227,0.057110,0.055911,0.0210
jacobi,8,8,4,4227,0.059816,0.057774,0.0341
jacobi,12,12,4,4227,0.065471,0.061247,0.0645
matmul,1,1,4,19,0.000463,0.000461,0.0050
matmul,1,6,4,69,0.001095,0.001085,0.0087
matmul,6,1,4,69,0.001079,0.001068,0.0099
matmul,3,4,4,69,0.001058,0.001046,0.0110
matmul,4,4,4,79,0.001226,0.001207,0.0148
matmul,8,8,4,159,0.002540,0.002477,0.0248
matmul,12,12,4,239,0.003602,0.003443,0.0441
matmul,1,1,4,67,0.000986,0.000979,0.0066
matmul,1,6,4,117,0.001737,0.001717,0.0115
matmul,6,1,4,117,0.001757,0.001735,0.0125
matmul,3,4,4,117,0.001778,0.001754,0.0133
matmul,4,4,4,127,0.001775,0.001744,0.0177
matmul,8,8,4,207,0.003383,0.003280,0.0302
matmul,12,12,4,287,0.004761,0.004492,0.0564
matmul,1,1,4,115,0.001656,0.001648,0.0044
matmul,1,6,4,165,0.002544,0.002509,0.0138
matmul,6,1,4,165,0.002456,0.002421,0.0146
matmul,3,4,4,165,0.002494,0.002454,0.0162
matmul,4,4,4,175,0.002584,0.002539,0.0176
matmul,8,8,4,255,0.004154,0.004032,0.0293
matmul,12,12,4,335,0.005383,0.005113,0.0500
chain,1,2,8,46,0.001898,0.001895,0.0020
chain,1,3,8,54,0.001217,0.001212,0.0042
chain,1,5,8,70,0.001452,0.001443,0.0066
chain,1,12,8,126,0.002761,0.002744,0.0061
chain,1,2,8,53,0.001134,0.001130,0.0037
chain,1,3,8,57,0.001196,0.001191,0.0041
chain,1,5,8,73,0.001445,0.001438,0.0047
chain,1,12,8,129,0.002565,0.002544,0.0080
chain,1,2,8,83,0.001650,0.001644,0.0038
chain,1,3,8,83,0.001668,0.001662,0.0040
chain,1,5,8,99,0.001962,0.001952,0.0048
chain,1,12,8,155,0.002907,0.002889,0.0064
chain,1,2,8,123,0.002424,0.002414,0.0043
chain,1,3,8,123,0.002565,0.002554,0.0042
chain,1,5,8,131,0.002535,0.002515,0.0079
chain,1,12,8,187,0.003575,0.003548,0.0074
chain,1,2,8,293,0.004791,0.004764,0.0056
chain,1,3,8,293,0.004943,0.004917,0.0054
chain,1,5,8,293,0.005348,0.005321,0.0051
chain,1,12,8,321,0.005555,0.005522,0.0059
chain,1,2,8,643,0.011734,0.011677,0.0048
chain,1,3,8,643,0.011406,0.011351,0.0048
chain,1,5,8,643,0.011766,0.011704,0.0053
chain,1,12,8,643,0.011578,0.011485,0.0080
broadcast,1,1,8,10,0.000829,0.000828,0.0010
broadcast,1,6,8,40,0.000969,0.000965,0.0038
broadcast,6,1,8,68,0.001491,0.001485,0.0042
broadcast,3,4,8,50,0.001078,0.001073,0.0048
broadcast,4,4,8,62,0.001331,0.001322,0.0067
broadcast,8,8,8,134,0.002560,0.002526,0.0135
broadcast,12,12,8,206,0.003929,0.003831,0.0249
bordo,1,1,8,9,0.000463,0.000463,0.0014
bordo,1,6,8,9,0.000443,0.000442,0.0024
bordo,6,1,8,39,0.000986,0.000981,0.0046
bordo,3,4,8,21,0.000656,0.000653,0.0036
bordo,4,4,8,27,0.000661,0.000657,0.0068
bordo,8,8,8,51,0.001149,0.001132,0.0143
bordo,12,12,8,75,0.001651,0.001604,0.0286
reduce,1,1,8,9,0.000468,0.000467,0.0012
reduce,1,6,8,49,0.001083,0.001079,0.0038
reduce,6,1,8,39,0.000889,0.000885,0.0043
reduce,3,4,8,45,0.000992,0.000987,0.0052
reduce,4,4,8,51,0.001132,0.001125,0.0063
reduce,8,8,8,107,0.002152,0.002124,0.0132
reduce,12,12,8,163,0.003252,0.003163,0.0273
jacobi,1,1,8,4227,0.070400,0.070069,0.0047
jacobi,1,6,8,4227,0.075387,0.074584,0.0107
jacobi,6,1,8,4227,0.070540,0.069687,0.0121
jacobi,3,4,8,4227,0.070039,0.069101,0.0134
jacobi,4,4,8,4227,0.068793,0.067701,0.0159
jacobi,8,8,8,4227,0.081809,0.079515,0.0280
jacobi,12,12,8,4227,0.088700,0.083550,0.0581
jacobi,1,1,8,4227,0.075004,0.074677,0.0044
jacobi,1,6,8,4227,0.075424,0.074668,0.0100
jacobi,6,1,8,4227,0.072080,0.071261,0.0114
jacobi,3,4,8,4227,0.074306,0.073335,0.0131
jacobi,4,4,8,4227,0.071063,0.069992,0.0151
jacobi,8,8,8,4227,0.078107,0.075827,0.0292
jacobi,12,12,8,4227,0.077974,0.073686,0.0550
matmul,1,1,8,19,0.000560,0.000559,0.0033
matmul,1,6,8,69,0.001466,0.001455,0.0075
matmul,6,1,8,69,0.001439,0.001428,0.0081
matmul,3,4,8,69,0.001564,0.001550,0.0092
matmul,4,4,8,79,0.001588,0.001567,0.0133
matmul,8,8,8,159,0.003209,0.003135,0.0231
matmul,12,12,8,239,0.004546,0.004366,0.0396
matmul,1,1,8,67,0.001292,0.001288,0.0037
matmul,1,6,8,117,0.002251,0.002228,0.0104
matmul,6,1,8,117,0.002039,0.002019,0.0097
matmul,3,4,8,117,0.002428,0.002400,0.0115
matmul,4,4,8,127,0.002375,0.002342,0.0142
matmul,8,8,8,207,0.004062,0.003984,0.0191
matmul,12,12,8,287,0.005561,0.005349,0.0381
matmul,1,1,8,115,0.002224,0.002210,0.0060
matmul,1,6,8,165,0.003200,0.003169,0.0096
matmul,6,1,8,165,0.003281,0.003250,0.0094
matmul,3,4,8,165,0.003072,0.003030,0.0137
matmul,4,4,8,175,0.003597,0.003542,0.0151
matmul,8,8,8,255,0.004724,0.004615,0.0231
matmul,12,12,8,335,0.006662,0.006385,0.0417
chain,1,2,16,46,0.001870,0.001867,0.0018
chain,1,3,16,54,0.002315,0.002310,0.0022
chain,1,5,16,70,0.002472,0.002465,0.0029
chain,1,12,16,126,0.004304,0.004286,0.0042
chain,1,2,16,53,0.002783,0.002778,0.0020
chain,1,3,16,57,0.001924,0.001919,0.0025
chain,1,5,16,73,0.003062,0.003054,0.0026
chain,1,12,16,129,0.004014,0.003996,0.0045
chain,1,2,16,83,0.002750,0.002744,0.0023
chain,1,3,16,83,0.002877,0.002870,0.0026
chain,1,5,16,99,0.003343,0.003334,0.0029
chain,1,12,16,155,0.006886,0.006864,0.0033
chain,1,2,16,123,0.004171,0.004162,0.0022
chain,1,3,16,123,0.004375,0.004363,0.0029
chain,1,5,16,131,0.004702,0.004686,0.0033
chain,1,12,16,187,0.006391,0.006365,0.0040
chain,1,2,16,293,0.011270,0.011246,0.0021
chain,1,3,16,293,0.009494,0.009459,0.0037
chain,1,5,16,293,0.009855,0.009827,0.0028
chain,1,12,16,321,0.009717,0.009679,0.0040
chain,1,2,16,643,0.019581,0.019529,0.0026
chain,1,3,16,643,0.018345,0.018273,0.0040
chain,1,5,16,643,0.018296,0.018229,0.0037
chain,1,12,16,643,0.019110,0.019020,0.0047
broadcast,1,1,16,10,0.000744,0.000743,0.0012
broadcast,1,6,16,40,0.001611,0.001607,0.0023
broadcast,6,1,16,68,0.002619,0.002612,0.0026
broadcast,3,4,16,50,0.002502,0.002495,0.0029
broadcast,4,4,16,62,0.002502,0.002496,0.0026
broadcast,8,8,16,134,0.004756,0.004722,0.0071
broadcast,12,12,16,206,0.006894,0.006764,0.0189
bordo,1,1,16,9,0.000827,0.000826,0.0013
bordo,1,6,16,9,0.000685,0.000684,0.0019
bordo,6,1,16,39,0.001565,0.001560,0.0029
bordo,3,4,16,21,0.001094,0.001090,0.0030
bordo,4,4,16,27,0.001812,0.001807,0.0025
bordo,8,8,16,51,0.001756,0.001740,0.0090
bordo,12,12,16,75,0.002996,0.002938,0.0191
reduce,1,1,16,9,0.000776,0.000775,0.0013
reduce,1,6,16,49,0.001896,0.001891,0.0027
reduce,6,1,16,39,0.001789,0.001785,0.0024
reduce,3,4,16,45,0.001707,0.001701,0.0035
reduce,4,4,16,51,0.001871,0.001864,0.0040
reduce,8,8,16,107,0.004396,0.004365,0.0071
reduce,12,12,16,163,0.005220,0.005128,0.0176
jacobi,1,1,16,4227,0.125423,0.125002,0.0034
jacobi,1,6,16,4227,0.133297,0.132313,0.0074
jacobi,6,1,16,4227,0.138071,0.137109,0.0070
jacobi,3,4,16,4227,0.143788,0.142628,0.0081
jacobi,4,4,16,4227,0.156674,0.155282,0.0089
jacobi,8,8,16,4227,0.154083,0.151240,0.0184
jacobi,12,12,16,4227,0.161958,0.156553,0.0334
jacobi,1,1,16,4227,0.171204,0.170578,0.0037
jacobi,1,6,16,4227,0.220380,0.218950,0.0065
jacobi,6,1,16,4227,0.162406,0.161317,0.0067
jacobi,3,4,16,4227,0.166846,0.165527,0.0079
jacobi,4,4,16,4227,0.170583,0.168971,0.0094
jacobi,8,8,16,4227,0.163535,0.160399,0.0192
jacobi,12,12,16,4227,0.163323,0.158045,0.0323
matmul,1,1,16,19,0.001323,0.001320,0.0024
matmul,1,6,16,69,0.003778,0.003761,0.0044
matmul,6,1,16,69,0.003047,0.003034,0.0044
matmul,3,4,16,69,0.003013,0.002995,0.0057
matmul,4,4,16,79,0.003765,0.003742,0.0061
matmul,8,8,16,159,0.006211,0.006128,0.0133
matmul,12,12,16,239,0.010575,0.010307,0.0254
matmul,1,1,16,67,0.003950,0.003936,0.0034
matmul,1,6,16,117,0.004316,0.004286,0.0069
matmul,6,1,16,117,0.004511,0.004483,0.0060
matmul,3,4,16,117,0.005692,0.005658,0.0060
matmul,4,4,16,127,0.005608,0.005564,0.0079
matmul,8,8,16,207,0.007712,0.007593,0.0155
matmul,12,12,16,287,0.011725,0.011395,0.0281
matmul,1,1,16,115,0.004985,0.004961,0.0048
matmul,1,6,16,165,0.016510,0.016448,0.0037
matmul,6,1,16,165,0.012092,0.012026,0.0055
matmul,3,4,16,165,0.012364,0.012300,0.0051
matmul,4,4,16,175,0.009571,0.009499,0.0075
matmul,8,8,16,255,0.015259,0.015060,0.0131
matmul,12,12,16,335,0.013920,0.013501,0.0301
